period,bars,first,last,open,close,high,low,net,net_pct,high_low,path,efficiency_ratio,avg_daily_range
1998-01,21,1998.01.02,1998.01.30,130.490,127.100,134.450,124.300,-3.390,-2.60,10.150,18.170,0.1866,1.978
1998-02,20,1998.02.02,1998.02.27,126.350,126.150,129.050,122.350,-0.200,-0.16,6.700,13.170,0.0152,1.525
1998-03,22,1998.03.02,1998.03.31,126.000,133.120,133.800,124.720,7.120,5.65,9.080,17.610,0.4043,1.625
1998-04,22,1998.04.01,1998.04.30,133.100,132.880,135.520,127.550,-0.220,-0.17,7.970,16.290,0.0135,1.721
1998-05,21,1998.05.01,1998.05.29,132.850,138.850,139.300,131.250,6.000,4.52,8.050,14.960,0.4011,1.312
1998-06,22,1998.06.01,1998.06.30,138.700,138.870,146.830,133.650,0.170,0.12,13.180,31.710,0.0054,2.520
1998-07,23,1998.07.01,1998.07.31,138.920,144.540,144.930,137.430,5.620,4.05,7.500,20.700,0.2715,1.951
1998-08,21,1998.08.03,1998.08.31,144.850,139.130,147.710,139.000,-5.720,-3.95,8.710,20.710,0.2762,2.137
1998-09,22,1998.09.01,1998.09.30,139.160,136.490,139.950,129.100,-2.670,-1.92,10.850,32.970,0.0810,3.170
1998-10,22,1998.10.01,1998.10.30,136.490,115.800,136.930,111.650,-20.690,-15.16,25.280,35.080,0.5898,3.538
1998-11,21,1998.11.02,1998.11.30,115.320,122.960,124.150,114.400,7.640,6.63,9.750,18.130,0.4214,2.064
1998-12,23,1998.12.01,1998.12.31,122.900,113.700,123.250,113.150,-9.200,-7.49,10.100,18.570,0.4954,1.850
1999-01,20,1999.01.04,1999.01.29,113.470,116.330,116.830,108.220,2.860,2.52,8.610,16.110,0.1775,2.019
1999-02,20,1999.02.01,1999.02.26,115.930,119.210,122.520,111.340,3.280,2.83,11.180,19.920,0.1647,2.055
1999-03,23,1999.03.01,1999.03.31,119.270,118.860,123.750,116.890,-0.410,-0.34,6.860,16.960,0.0242,1.586
1999-04,22,1999.04.01,1999.04.30,118.860,119.500,122.000,117.420,0.640,0.54,4.580,13.270,0.0482,1.266
1999-05,21,1999.05.03,1999.05.31,119.520,121.520,124.820,119.420,2.000,1.67,5.400,11.120,0.1799,1.190
1999-06,22,1999.06.01,1999.06.30,121.530,121.070,122.600,117.640,-0.460,-0.38,4.960,14.760,0.0312,1.384
1999-07,22,1999.07.01,1999.07.30,121.080,114.570,122.860,114.140,-6.510,-5.38,8.720,13.050,0.4989,1.283
1999-08,22,1999.08.02,1999.08.31,114.860,109.680,116.350,109.020,-5.180,-4.51,7.330,11.910,0.4349,1.338
1999-09,22,1999.09.01,1999.09.30,109.700,106.310,111.420,103.190,-3.390,-3.09,8.230,21.000,0.1614,1.962
1999-10,21,1999.10.01,1999.10.29,106.280,104.020,108.020,103.670,-2.260,-2.13,4.350,12.720,0.1777,1.283
1999-11,22,1999.11.01,1999.11.30,104.170,102.050,106.650,101.260,-2.120,-2.04,5.390,13.880,0.1527,1.314
1999-12,23,1999.12.01,1999.12.31,102.080,102.260,103.800,101.300,0.180,0.18,2.500,8.950,0.0201,0.920
2000-01,21,2000.01.03,2000.01.31,102.140,107.270,107.540,101.390,5.130,5.02,6.150,12.890,0.3980,1.148
2000-02,21,2000.02.01,2000.02.29,107.270,110.240,111.730,107.030,2.970,2.77,4.700,11.670,0.2545,1.151
2000-03,23,2000.03.01,2000.03.31,110.200,102.770,110.250,102.030,-7.430,-6.74,8.220,12.860,0.5778,1.408
2000-04,20,2000.04.03,2000.04.28,103.320,108.090,108.310,102.840,4.770,4.62,5.470,9.450,0.5048,1.265
2000-05,23,2000.05.01,2000.05.31,107.780,107.660,110.080,106.050,-0.120,-0.11,4.030,13.400,0.0090,1.247
2000-06,22,2000.06.01,2000.06.30,107.650,106.090,109.060,103.900,-1.560,-1.45,5.160,10.210,0.1528,1.095
2000-07,21,2000.07.03,2000.07.31,106.040,109.310,109.820,105.270,3.270,3.08,4.550,8.770,0.3729,1.008
2000-08,23,2000.08.01,2000.08.31,109.330,106.670,109.790,105.920,-2.660,-2.43,3.870,9.210,0.2888,0.891
2000-09,21,2000.09.01,2000.09.29,106.650,108.080,108.520,104.770,1.430,1.34,3.750,7.350,0.1946,0.848
2000-10,22,2000.10.02,2000.10.31,108.160,109.010,109.610,107.320,0.850,0.79,2.290,6.620,0.1284,0.751
2000-11,22,2000.11.01,2000.11.30,108.940,110.370,111.540,106.800,1.430,1.31,4.740,9.850,0.1452,0.897
2000-12,21,2000.12.01,2000.12.29,110.370,114.370,115.110,110.130,4.000,3.62,4.980,8.220,0.4866,0.959
2001-01,23,2001.01.01,2001.01.31,114.410,116.570,119.890,113.540,2.160,1.89,6.350,17.090,0.1264,1.402
2001-02,20,2001.02.01,2001.02.28,116.560,117.350,117.980,114.330,0.790,0.68,3.650,11.060,0.0714,1.184
2001-03,22,2001.03.01,2001.03.30,117.360,126.280,126.370,117.010,8.920,7.60,9.360,17.360,0.5138,1.478
2001-04,21,2001.04.02,2001.04.30,126.390,123.580,126.860,120.890,-2.810,-2.22,5.970,16.440,0.1709,1.420
2001-05,23,2001.05.01,2001.05.31,123.630,119.300,124.080,118.520,-4.330,-3.50,5.560,12.840,0.3372,1.256
2001-06,21,2001.06.01,2001.06.29,119.320,124.610,125.030,118.310,5.290,4.43,6.720,10.620,0.4981,1.061
2001-07,22,2001.07.02,2001.07.31,124.760,125.010,126.160,122.700,0.250,0.20,3.460,12.120,0.0206,1.091
2001-08,23,2001.08.01,2001.08.31,125.020,118.790,125.250,118.520,-6.230,-4.98,6.730,12.310,0.5061,1.196
2001-09,20,2001.09.03,2001.09.28,119.080,119.530,122.100,115.790,0.450,0.38,6.310,13.220,0.0340,1.491
2001-10,23,2001.10.01,2001.10.31,119.470,122.480,123.390,119.320,3.010,2.52,4.070,7.480,0.4024,0.927
2001-11,22,2001.11.01,2001.11.30,122.480,123.510,124.600,119.690,1.030,0.84,4.910,9.400,0.1096,0.936
2001-12,21,2001.12.03,2001.12.31,123.370,131.680,132.080,123.260,8.310,6.74,8.820,8.800,0.9443,0.996
2002-01,23,2002.01.01,2002.01.31,131.720,134.720,135.190,130.370,3.000,2.28,4.820,13.420,0.2235,1.146
2002-02,20,2002.02.01,2002.02.28,134.740,133.340,135.060,131.850,-1.400,-1.04,3.210,11.730,0.1194,1.258
2002-03,21,2002.03.01,2002.03.29,133.330,132.730,133.880,126.380,-0.600,-0.45,7.500,15.740,0.0381,1.384
2002-04,22,2002.04.01,2002.04.30,132.970,128.540,133.850,127.650,-4.430,-3.33,6.200,10.240,0.4326,1.037
2002-05,23,2002.05.01,2002.05.31,128.530,124.120,129.100,122.800,-4.410,-3.43,6.300,14.630,0.3014,1.238
2002-06,20,2002.06.03,2002.06.28,124.290,119.590,125.980,118.360,-4.700,-3.78,7.620,9.710,0.4840,1.241
2002-07,23,2002.07.01,2002.07.31,119.730,119.780,120.790,115.480,0.050,0.04,5.310,13.120,0.0038,1.233
2002-08,22,2002.08.01,2002.08.30,119.760,118.430,121.360,116.290,-1.330,-1.11,5.070,14.040,0.0947,1.236
2002-09,21,2002.09.02,2002.09.30,118.500,121.680,124.230,116.830,3.180,2.68,7.400,13.120,0.2424,1.417
2002-10,23,2002.10.01,2002.10.31,121.680,122.490,125.690,121.650,0.810,0.67,4.040,9.360,0.0865,1.037
2002-11,21,2002.11.01,2002.11.29,122.500,122.500,123.210,119.080,0.000,0.00,4.130,8.640,0.0000,0.966
2002-12,22,2002.12.02,2002.12.31,123.370,118.780,125.790,118.300,-4.590,-3.72,7.490,10.600,0.4330,1.110
2003-01,23,2003.01.01,2003.01.31,118.790,119.940,120.630,117.420,1.150,0.97,3.210,9.580,0.1200,1.036
2003-02,20,2003.02.03,2003.02.28,119.900,118.140,121.780,116.800,-1.760,-1.47,4.980,9.180,0.1917,1.016
2003-03,21,2003.03.03,2003.03.31,118.220,118.040,121.920,116.350,-0.180,-0.15,5.570,10.210,0.0176,1.058
2003-04,22,2003.04.01,2003.04.30,117.990,118.920,121.170,117.620,0.930,0.79,3.550,10.120,0.0919,1.084
2003-05,22,2003.05.01,2003.05.30,118.900,119.350,119.670,115.070,0.450,0.38,4.600,12.660,0.0355,1.195
2003-06,21,2003.06.02,2003.06.30,119.610,119.700,120.260,117.140,0.090,0.08,3.120,8.210,0.0110,0.990
2003-07,23,2003.07.01,2003.07.31,119.730,120.590,120.670,116.650,0.860,0.72,4.020,6.780,0.1268,0.886
2003-08,21,2003.08.01,2003.08.29,120.560,116.920,120.740,116.140,-3.640,-3.02,4.600,6.640,0.5482,0.874
2003-09,22,2003.09.01,2003.09.30,116.780,111.500,117.750,110.100,-5.280,-4.52,7.650,10.050,0.5254,1.122
2003-10,23,2003.10.01,2003.10.31,111.500,110.060,111.580,107.810,-1.440,-1.29,3.770,10.530,0.1368,1.030
2003-11,20,2003.11.03,2003.11.28,109.740,109.650,111.520,107.530,-0.090,-0.08,3.990,8.870,0.0101,1.023
2003-12,23,2003.12.01,2003.12.31,109.790,107.210,110.050,106.720,-2.580,-2.35,3.330,6.090,0.4236,0.736
2004-01,22,2004.01.01,2004.01.30,107.230,105.780,108.300,105.460,-1.450,-1.35,2.840,7.190,0.2017,0.869
2004-02,20,2004.02.02,2004.02.27,105.740,109.350,109.860,105.150,3.610,3.41,4.710,7.190,0.5021,0.870
2004-03,23,2004.03.01,2004.03.31,109.070,104.250,112.360,103.400,-4.820,-4.42,8.960,11.890,0.4054,1.128
2004-04,22,2004.04.01,2004.04.30,104.220,110.550,111.070,103.480,6.330,6.07,7.590,12.810,0.4941,1.340
2004-05,21,2004.05.03,2004.05.31,110.430,109.480,114.940,108.310,-0.950,-0.86,6.630,15.750,0.0603,1.429
2004-06,22,2004.06.01,2004.06.30,109.440,108.800,112.040,107.000,-0.640,-0.58,5.040,14.050,0.0456,1.305
2004-07,22,2004.07.01,2004.07.30,108.790,111.330,112.460,107.560,2.540,2.33,4.900,11.450,0.2218,1.059
2004-08,22,2004.08.02,2004.08.31,111.080,109.090,112.070,108.720,-1.990,-1.79,3.350,8.920,0.2231,0.959
2004-09,22,2004.09.01,2004.09.30,109.080,110.070,111.700,108.940,0.990,0.91,2.760,7.710,0.1284,0.848
2004-10,21,2004.10.01,2004.10.29,110.060,105.760,111.440,105.740,-4.300,-3.91,5.700,7.640,0.5628,0.860
2004-11,22,2004.11.01,2004.11.30,105.800,103.030,107.270,102.130,-2.770,-2.62,5.140,9.450,0.2931,0.915
2004-12,23,2004.12.01,2004.12.31,103.020,102.470,106.170,101.810,-0.550,-0.53,4.360,12.530,0.0439,1.120
2005-01,21,2005.01.03,2005.01.31,102.640,103.620,105.200,101.670,0.980,0.95,3.530,11.130,0.0881,1.158
2005-02,20,2005.02.01,2005.02.28,103.610,104.570,106.880,103.350,0.960,0.93,3.530,9.620,0.0998,0.968
2005-03,23,2005.03.01,2005.03.31,104.560,107.140,107.710,103.650,2.580,2.47,4.060,8.260,0.3123,0.829
2005-04,21,2005.04.01,2005.04.29,107.150,104.680,108.910,104.610,-2.470,-2.31,4.300,8.260,0.2990,0.904
2005-05,22,2005.05.02,2005.05.31,105.060,108.500,108.610,104.200,3.440,3.27,4.410,7.180,0.4791,0.771
2005-06,22,2005.06.01,2005.06.30,108.500,110.750,111.020,106.500,2.250,2.07,4.520,10.060,0.2237,0.850
2005-07,21,2005.07.01,2005.07.29,110.790,112.740,113.730,109.860,1.950,1.76,3.870,10.420,0.1871,1.037
2005-08,23,2005.08.01,2005.08.31,112.650,110.620,112.780,109.020,-2.030,-1.80,3.760,9.580,0.2119,0.957
2005-09,22,2005.09.01,2005.09.30,110.630,114.010,114.010,108.760,3.380,3.06,5.250,10.330,0.3272,0.948
2005-10,21,2005.10.03,2005.10.31,113.520,116.590,116.690,113.010,3.070,2.70,3.680,9.000,0.3411,0.921
2005-11,22,2005.11.01,2005.11.30,116.580,119.820,119.960,116.400,3.240,2.78,3.560,8.170,0.3966,0.830
2005-12,22,2005.12.01,2005.12.30,119.810,117.690,121.420,115.510,-2.120,-1.77,5.910,11.960,0.1773,1.088
2006-01,22,2006.01.02,2006.01.31,117.890,117.220,118.070,113.410,-0.670,-0.57,4.660,10.550,0.0635,1.078
2006-02,20,2006.02.01,2006.02.28,117.280,115.770,119.420,115.660,-1.510,-1.29,3.760,9.560,0.1579,1.053
2006-03,23,2006.03.01,2006.03.31,115.760,117.790,119.210,115.450,2.030,1.75,3.760,11.540,0.1759,1.083
2006-04,20,2006.04.03,2006.04.28,117.740,113.830,118.920,113.650,-3.910,-3.32,5.270,7.550,0.5179,0.955
2006-05,23,2006.05.01,2006.05.31,113.670,112.580,114.210,108.970,-1.090,-0.96,5.240,12.980,0.0840,1.316
2006-06,22,2006.06.01,2006.06.30,112.580,114.430,116.720,111.320,1.850,1.64,5.400,10.420,0.1775,0.996
2006-07,21,2006.07.03,2006.07.31,114.330,114.640,117.890,113.440,0.310,0.27,4.450,11.500,0.0270,1.010
2006-08,23,2006.08.01,2006.08.31,114.620,117.360,117.510,113.970,2.740,2.39,3.540,7.510,0.3648,0.846
2006-09,21,2006.09.01,2006.09.29,117.370,118.170,118.310,115.570,0.800,0.68,2.740,7.590,0.1054,0.839
2006-10,22,2006.10.02,2006.10.31,118.090,116.870,119.870,116.610,-1.220,-1.03,3.260,9.060,0.1347,0.779
2006-11,22,2006.11.01,2006.11.30,116.870,115.740,118.580,115.370,-1.130,-0.97,3.210,7.650,0.1477,0.830
2006-12,20,2006.12.01,2006.12.29,115.730,119.060,119.230,114.410,3.330,2.88,4.820,6.220,0.5354,0.787
2007-01,22,2007.01.02,2007.01.31,118.980,120.850,122.170,117.970,1.870,1.57,4.200,6.920,0.2702,0.758
2007-02,20,2007.02.01,2007.02.28,120.850,118.500,122.050,117.470,-2.350,-1.94,4.580,11.760,0.1998,0.933
2007-03,22,2007.03.01,2007.03.30,118.540,117.820,118.840,115.130,-0.720,-0.61,3.710,15.680,0.0459,1.280
2007-04,21,2007.04.02,2007.04.30,117.500,119.410,119.870,117.460,1.910,1.63,2.410,6.480,0.2948,0.771
2007-05,23,2007.05.01,2007.05.31,119.410,121.710,121.980,119.060,2.300,1.93,2.920,4.450,0.5169,0.584
2007-06,24,2007.06.01,2007.06.29,121.700,123.160,124.130,120.760,1.460,1.20,3.370,6.110,0.2390,0.565
2007-07,27,2007.07.01,2007.07.31,123.160,118.400,123.660,117.970,-4.760,-3.86,5.690,13.560,0.3510,0.869
2007-08,27,2007.08.01,2007.08.31,118.600,115.750,119.830,111.590,-2.850,-2.40,8.240,18.170,0.1569,1.402
2007-09,25,2007.09.02,2007.09.30,115.730,114.740,116.460,112.580,-0.990,-0.86,3.880,13.070,0.0757,0.940
2007-10,27,2007.10.01,2007.10.31,114.730,115.310,117.930,113.230,0.580,0.51,4.700,9.480,0.0612,0.782
2007-11,26,2007.11.01,2007.11.30,115.260,111.200,115.920,107.210,-4.060,-3.52,8.710,17.460,0.2325,1.243
2007-12,26,2007.12.02,2007.12.31,111.040,111.710,114.700,109.550,0.670,0.60,5.150,13.300,0.0504,0.812
2008-01,27,2008.01.01,2008.01.31,111.580,106.390,112.240,104.970,-5.190,-4.65,7.270,14.438,0.3595,1.202
2008-02,25,2008.02.01,2008.02.29,106.445,103.710,108.590,103.670,-2.735,-2.57,4.920,10.910,0.2507,0.906
2008-03,26,2008.03.02,2008.03.31,103.605,99.900,104.170,95.770,-3.705,-3.58,8.400,20.518,0.1806,1.447
2008-04,26,2008.04.01,2008.04.30,99.675,103.930,104.880,99.581,4.255,4.27,5.299,10.776,0.3949,1.119
2008-05,26,2008.05.01,2008.05.30,103.930,105.500,105.870,102.570,1.570,1.51,3.300,13.210,0.1188,1.009
2008-06,26,2008.06.01,2008.06.30,105.490,106.080,108.580,103.860,0.590,0.56,4.720,11.950,0.0494,0.980
2008-07,27,2008.07.01,2008.07.31,106.040,107.830,108.370,103.760,1.790,1.69,4.610,12.480,0.1434,0.982
2008-08,26,2008.08.01,2008.08.31,107.720,108.450,110.660,107.270,0.730,0.68,3.390,12.630,0.0578,0.906
2008-09,26,2008.09.01,2008.09.30,108.440,105.990,109.180,103.490,-2.450,-2.26,5.690,26.180,0.0936,1.722
2008-10,23,2008.10.01,2008.10.31,106.000,98.460,106.530,90.920,-7.540,-7.11,15.610,30.370,0.2483,2.710
2008-11,20,2008.11.03,2008.11.28,98.640,95.520,100.540,93.550,-3.120,-3.16,6.990,20.220,0.1543,1.891
2008-12,25,2008.12.01,2008.12.31,95.480,90.860,95.560,87.130,-4.620,-4.84,8.430,14.880,0.3105,1.298
2009-01,25,2009.01.02,2009.01.30,91.280,89.900,94.610,87.120,-1.380,-1.51,7.490,12.640,0.1092,1.340
2009-02,24,2009.02.01,2009.02.27,89.960,97.565,98.700,88.580,7.605,8.45,10.120,15.789,0.4817,1.322
2009-03,27,2009.03.01,2009.03.31,97.580,98.881,99.667,93.533,1.301,1.33,6.134,20.973,0.0620,1.447
2009-04,23,2009.04.01,2009.04.30,98.887,98.544,101.430,95.614,-0.343,-0.35,5.816,13.437,0.0255,1.177
2009-05,21,2009.05.01,2009.05.29,98.558,95.300,99.717,93.850,-3.258,-3.31,5.867,14.176,0.2298,1.247
2009-06,22,2009.06.01,2009.06.30,95.280,96.303,98.870,94.440,1.023,1.07,4.430,14.945,0.0685,1.206
2009-07,23,2009.07.01,2009.07.31,96.301,94.670,96.967,91.740,-1.631,-1.69,5.227,12.655,0.1289,1.146
2009-08,21,2009.08.03,2009.08.31,94.750,92.980,97.790,92.530,-1.770,-1.87,5.260,9.580,0.1848,1.084
2009-09,22,2009.09.01,2009.09.30,92.970,89.710,93.410,88.240,-3.260,-3.51,5.170,9.290,0.3509,1.025
2009-10,26,2009.10.01,2009.10.30,89.720,90.081,92.320,88.000,0.361,0.40,4.320,11.189,0.0323,0.870
2009-11,21,2009.11.02,2009.11.30,89.663,86.327,91.263,84.819,-3.336,-3.72,6.444,7.350,0.4539,0.926
2009-12,22,2009.12.01,2009.12.31,86.322,93.129,93.129,86.156,6.807,7.89,6.973,12.778,0.5327,1.095
2010-01,24,2010.01.03,2010.01.31,92.938,89.863,93.748,89.132,-3.075,-3.31,4.616,10.822,0.2841,0.919
2010-02,24,2010.02.01,2010.02.28,90.205,88.845,92.141,88.572,-1.360,-1.51,3.569,9.932,0.1369,0.826
2010-03,27,2010.03.01,2010.03.31,88.931,93.443,93.626,88.136,4.512,5.07,5.490,8.664,0.5208,0.728
2010-04,24,2010.04.01,2010.04.30,93.433,93.838,94.683,91.595,0.405,0.43,3.088,8.482,0.0477,0.773
2010-05,21,2010.05.03,2010.05.31,93.932,91.161,94.978,88.254,-2.771,-2.95,6.724,14.480,0.1914,1.474
2010-06,22,2010.06.01,2010.06.30,91.151,88.400,92.877,88.274,-2.751,-3.02,4.603,7.465,0.3685,0.818
2010-07,22,2010.07.01,2010.07.30,88.399,86.458,89.145,85.935,-1.941,-2.20,3.210,8.046,0.2412,0.883
2010-08,22,2010.08.02,2010.08.31,86.331,84.169,86.871,83.619,-2.162,-2.50,3.252,9.488,0.2279,0.882
2010-09,22,2010.09.01,2010.09.30,84.170,83.489,85.922,82.869,-0.681,-0.81,3.053,7.545,0.0903,0.776
2010-10,22,2010.10.01,2010.10.31,83.511,80.337,83.972,80.252,-3.174,-3.80,3.720,6.249,0.5079,0.699
2010-11,22,2010.11.01,2010.11.30,80.357,83.659,84.398,80.295,3.302,4.11,4.103,6.406,0.5155,0.743
2010-12,23,2010.12.01,2010.12.31,83.659,81.126,84.494,80.934,-2.533,-3.03,3.560,8.097,0.3128,0.727
2011-01,21,2011.01.03,2011.01.31,81.106,82.055,83.674,81.071,0.949,1.17,2.603,7.243,0.1310,0.735
2011-02,20,2011.02.01,2011.02.28,82.054,81.764,83.964,81.129,-0.290,-0.35,2.835,4.966,0.0584,0.619
2011-03,23,2011.03.01,2011.03.31,81.761,83.171,83.287,76.404,1.410,1.72,6.883,11.119,0.1268,0.999
2011-04,21,2011.04.01,2011.04.29,83.171,81.181,85.514,81.032,-1.990,-2.39,4.482,7.805,0.2550,0.854
2011-05,22,2011.05.02,2011.05.31,81.099,81.499,82.229,79.582,0.400,0.49,2.647,6.106,0.0655,0.692
2011-06,22,2011.06.01,2011.06.30,81.493,80.558,81.494,79.694,-0.935,-1.15,1.800,4.950,0.1889,0.552
2011-07,21,2011.07.01,2011.07.29,80.558,76.768,81.467,76.722,-3.790,-4.70,4.745,6.473,0.5855,0.682
2011-08,23,2011.08.01,2011.08.31,77.391,76.732,80.228,75.957,-0.659,-0.85,4.271,8.465,0.0778,0.828
2011-09,22,2011.09.01,2011.09.30,76.731,76.989,77.849,76.094,0.258,0.34,1.755,4.393,0.0587,0.593
2011-10,22,2011.10.03,2011.10.31,77.095,78.172,79.523,75.570,1.077,1.40,3.953,6.214,0.1733,0.658
2011-11,23,2011.11.01,2011.11.30,78.107,77.575,78.963,76.561,-0.532,-0.68,2.402,3.964,0.1342,0.459
2011-12,22,2011.12.01,2011.12.30,77.576,76.885,78.211,76.856,-0.691,-0.89,1.355,3.666,0.1885,0.361
2012-01,22,2012.01.02,2012.01.31,77.090,76.293,78.277,76.151,-0.797,-1.03,2.126,3.962,0.2012,0.402
2012-02,21,2012.02.01,2012.02.29,76.292,81.276,81.575,76.018,4.984,6.53,5.557,7.375,0.6758,0.633
2012-03,22,2012.03.01,2012.03.30,81.136,82.848,84.167,80.578,1.712,2.11,3.589,9.221,0.1857,0.800
2012-04,21,2012.04.02,2012.04.30,82.954,79.821,83.292,79.731,-3.133,-3.78,3.561,6.718,0.4664,0.751
2012-05,23,2012.05.01,2012.05.31,79.822,78.364,80.607,78.206,-1.458,-1.83,2.401,6.045,0.2412,0.528
2012-06,21,2012.06.01,2012.06.29,78.365,79.785,80.615,77.657,1.420,1.81,2.958,6.673,0.2128,0.641
2012-07,22,2012.07.02,2012.07.31,79.905,78.112,80.090,77.944,-1.793,-2.24,2.146,3.836,0.4674,0.439
2012-08,23,2012.08.01,2012.08.31,78.114,78.377,79.650,77.917,0.263,0.34,1.733,4.810,0.0547,0.438
2012-09,20,2012.09.03,2012.09.28,78.326,77.942,79.209,77.135,-0.384,-0.49,2.074,4.912,0.0782,0.471
2012-10,27,2012.10.01,2012.10.31,77.960,79.810,80.371,77.780,1.850,2.37,2.591,4.987,0.3710,0.394
2012-11,22,2012.11.01,2012.11.30,79.809,82.467,82.831,79.070,2.658,3.33,3.761,5.745,0.4627,0.582
2012-12,21,2012.12.03,2012.12.31,82.400,86.610,86.680,81.711,4.210,5.11,4.969,6.926,0.6079,0.589
2013-01,23,2013.01.01,2013.01.31,86.730,91.733,91.797,86.535,5.003,5.77,5.262,12.922,0.3872,0.989
2013-02,20,2013.02.01,2013.02.28,91.732,92.623,94.431,90.929,0.891,0.97,3.502,11.394,0.0782,1.263
2013-03,22,2013.03.01,2013.03.29,92.622,94.150,96.707,92.438,1.528,1.65,4.269,9.567,0.1597,0.969
2013-04,22,2013.04.01,2013.04.30,94.252,97.381,99.944,92.568,3.129,3.32,7.376,16.581,0.1887,1.370
2013-05,23,2013.05.01,2013.05.31,97.383,100.433,103.733,97.022,3.050,3.13,6.711,13.626,0.2238,1.178
2013-06,20,2013.06.03,2013.06.28,100.544,99.121,100.721,93.788,-1.423,-1.42,6.933,15.918,0.0894,1.763
2013-07,23,2013.07.01,2013.07.31,99.212,97.803,101.531,97.584,-1.409,-1.42,3.947,13.339,0.1056,1.105
2013-08,22,2013.08.01,2013.08.30,97.808,98.116,99.948,95.809,0.308,0.31,4.139,12.075,0.0255,1.058
2013-09,21,2013.09.02,2013.09.30,98.321,98.240,100.608,97.499,-0.081,-0.08,3.109,8.972,0.0090,0.866
2013-10,24,2013.10.01,2013.10.31,98.245,98.353,99.003,96.567,0.108,0.11,2.436,8.466,0.0128,0.699
2013-11,21,2013.11.01,2013.11.29,98.354,102.405,102.612,97.633,4.051,4.12,4.979,6.828,0.5933,0.711
2013-12,21,2013.12.02,2013.12.31,102.499,105.252,105.412,101.624,2.753,2.69,3.788,8.842,0.3114,0.781
2014-01,23,2014.01.01,2014.01.31,105.237,101.932,105.440,101.842,-3.305,-3.14,3.598,11.947,0.2766,0.898
2014-02,20,2014.02.03,2014.02.28,102.142,101.779,102.827,100.755,-0.363,-0.36,2.072,4.694,0.0773,0.777
2014-03,21,2014.03.03,2014.03.31,101.480,103.224,103.759,101.199,1.744,1.72,2.560,7.385,0.2362,0.677
2014-04,22,2014.04.01,2014.04.30,103.224,102.217,104.127,101.324,-1.007,-0.98,2.803,5.520,0.1824,0.560
2014-05,22,2014.05.01,2014.05.30,102.222,101.746,103.018,100.821,-0.476,-0.47,2.197,3.575,0.1331,0.464
2014-06,21,2014.06.02,2014.06.30,101.811,101.314,102.794,101.229,-0.497,-0.49,1.565,3.676,0.1352,0.396
2014-07,23,2014.07.01,2014.07.31,101.315,102.781,103.074,101.057,1.466,1.45,2.017,4.298,0.3411,0.362
2014-08,21,2014.08.01,2014.08.29,102.780,104.094,104.264,101.501,1.314,1.28,2.763,3.590,0.3660,0.473
2014-09,22,2014.09.01,2014.09.30,104.163,109.619,109.842,104.092,5.456,5.24,5.750,7.726,0.7062,0.709
2014-10,23,2014.10.01,2014.10.31,109.616,112.331,112.467,105.193,2.715,2.48,7.274,13.501,0.2011,1.053
2014-11,20,2014.11.03,2014.11.28,112.689,118.610,118.969,112.564,5.921,5.25,6.405,9.123,0.6490,1.098
2014-12,22,2014.12.01,2014.12.31,118.749,119.852,121.840,115.556,1.103,0.93,6.284,16.563,0.0666,1.365
2015-01,21,2015.01.02,2015.01.30,120.413,117.504,120.733,115.845,-2.909,-2.42,4.888,14.739,0.1974,1.325
2015-02,20,2015.02.02,2015.02.27,116.938,119.587,120.472,116.868,2.649,2.27,3.604,8.979,0.2950,0.958
2015-03,25,2015.03.02,2015.03.31,119.706,120.109,122.016,118.321,0.403,0.34,3.695,7.202,0.0560,0.778
2015-04,22,2015.04.01,2015.04.30,120.107,119.366,120.836,118.486,-0.741,-0.62,2.350,7.176,0.1033,0.825
2015-05,21,2015.05.01,2015.05.29,119.361,124.122,124.452,118.880,4.761,3.99,5.572,7.904,0.6024,0.788
2015-06,22,2015.06.01,2015.06.30,124.059,122.484,125.847,121.933,-1.575,-1.27,3.914,9.923,0.1587,1.001
2015-07,23,2015.07.01,2015.07.31,122.483,123.852,124.573,120.403,1.369,1.12,4.170,8.655,0.1582,0.835
2015-08,21,2015.08.03,2015.08.31,123.872,121.213,125.272,116.119,-2.659,-2.15,9.153,13.373,0.1988,1.154
2015-09,22,2015.09.01,2015.09.30,121.213,119.866,121.319,118.580,-1.347,-1.11,2.739,7.874,0.1711,1.118
2015-10,23,2015.10.01,2015.10.30,119.866,120.607,121.505,118.056,0.741,0.62,3.449,7.683,0.0964,0.781
2015-11,21,2015.11.02,2015.11.30,120.332,123.092,123.745,120.249,2.760,2.29,3.496,6.023,0.4582,0.632
2015-12,22,2015.12.01,2015.12.31,123.095,120.237,123.662,119.993,-2.858,-2.32,3.669,9.008,0.3173,0.878
2016-01,20,2016.01.04,2016.01.29,120.173,121.112,121.680,115.964,0.939,0.78,5.716,10.801,0.0869,1.240
2016-02,21,2016.02.01,2016.02.29,121.298,112.682,121.480,110.968,-8.616,-7.10,10.512,17.247,0.4996,1.522
2016-03,25,2016.03.01,2016.03.31,112.672,112.548,114.546,110.659,-0.124,-0.11,3.887,9.288,0.0134,1.016
2016-04,21,2016.04.01,2016.04.29,112.547,106.315,112.574,106.270,-6.232,-5.54,6.304,15.426,0.4040,1.271
2016-05,22,2016.05.02,2016.05.31,106.222,110.702,111.441,105.542,4.480,4.22,5.899,10.977,0.4081,0.968
2016-06,22,2016.06.01,2016.06.30,110.701,103.176,110.821,98.961,-7.525,-6.80,11.860,16.084,0.4679,1.508
2016-07,21,2016.07.01,2016.07.29,103.153,102.039,107.484,99.983,-1.114,-1.08,7.501,16.471,0.0676,1.478
2016-08,23,2016.08.01,2016.08.31,102.287,103.410,103.523,99.535,1.123,1.10,3.988,10.752,0.1044,0.959
2016-09,22,2016.09.01,2016.09.30,103.410,101.293,104.311,100.076,-2.117,-2.05,4.235,10.511,0.2014,1.062
2016-10,22,2016.10.03,2016.10.31,101.227,104.762,105.525,101.191,3.535,3.49,4.334,9.697,0.3645,0.838
2016-11,22,2016.11.01,2016.11.30,104.761,114.440,114.532,101.184,9.679,9.24,13.348,16.068,0.6024,1.489
2016-12,22,2016.12.01,2016.12.30,114.438,117.022,118.656,112.868,2.584,2.26,5.788,10.356,0.2495,1.077
2017-01,22,2017.01.02,2017.01.31,116.879,112.774,118.606,112.072,-4.105,-3.51,6.534,18.574,0.2210,1.518
2017-02,20,2017.02.01,2017.02.28,112.785,112.769,114.951,111.587,-0.016,-0.01,3.364,9.229,0.0017,1.034
2017-03,25,2017.03.01,2017.03.31,112.730,111.370,115.496,110.101,-1.360,-1.21,5.395,9.389,0.1449,0.825
2017-04,20,2017.04.03,2017.04.28,111.356,111.511,111.771,108.123,0.155,0.14,3.648,7.741,0.0200,0.869
2017-05,23,2017.05.01,2017.05.31,111.241,110.762,114.366,110.228,-0.479,-0.43,4.138,10.324,0.0464,0.850
2017-06,22,2017.06.01,2017.06.30,110.762,112.392,112.918,108.777,1.630,1.47,4.141,7.561,0.2156,0.876
2017-07,21,2017.07.03,2017.07.31,112.104,110.244,114.488,110.208,-1.860,-1.66,4.280,6.853,0.2714,0.874
2017-08,23,2017.08.01,2017.08.31,110.244,109.962,111.044,108.259,-0.282,-0.26,2.785,9.584,0.0294,0.846
2017-09,21,2017.09.01,2017.09.29,109.962,112.492,113.249,107.310,2.530,2.30,5.939,10.858,0.2330,0.988
2017-10,23,2017.10.02,2017.10.31,112.639,113.645,114.445,111.644,1.006,0.89,2.801,6.052,0.1662,0.672
2017-11,22,2017.11.01,2017.11.30,113.645,112.516,114.728,110.833,-1.129,-0.99,3.895,7.206,0.1567,0.752
2017-12,20,2017.12.01,2017.12.29,112.516,112.673,113.743,111.401,0.157,0.14,2.342,5.265,0.0298,0.610
2018-01,22,2018.01.02,2018.01.31,112.654,109.181,113.380,108.276,-3.473,-3.08,5.104,8.470,0.4100,0.852
2018-02,20,2018.02.01,2018.02.28,109.174,106.652,110.476,105.539,-2.522,-2.31,4.937,9.864,0.2557,0.949
2018-03,24,2018.03.01,2018.03.30,106.654,106.257,107.286,104.622,-0.397,-0.37,2.664,8.018,0.0495,0.732
2018-04,21,2018.04.02,2018.04.30,106.224,109.334,109.529,105.650,3.110,2.93,3.879,7.029,0.4425,0.635
2018-05,23,2018.05.01,2018.05.31,109.334,108.795,111.387,108.105,-0.539,-0.49,3.282,6.458,0.0835,0.700
2018-06,21,2018.06.01,2018.06.29,108.796,110.672,110.936,108.713,1.876,1.72,2.223,5.097,0.3681,0.673
2018-07,22,2018.07.02,2018.07.31,110.617,111.791,113.159,110.270,1.174,1.06,2.889,6.863,0.1711,0.664
2018-08,23,2018.08.01,2018.08.31,111.793,111.092,112.143,109.766,-0.701,-0.63,2.377,6.363,0.1102,0.629
2018-09,20,2018.09.03,2018.09.28,111.055,113.678,113.709,110.373,2.623,2.36,3.336,6.112,0.4292,0.544
2018-10,24,2018.10.01,2018.10.31,113.727,112.928,114.542,111.373,-0.799,-0.70,3.169,8.654,0.0923,0.701
2018-11,22,2018.11.01,2018.11.30,112.928,113.486,114.204,112.302,0.558,0.49,1.902,4.803,0.1162,0.550
2018-12,20,2018.12.03,2018.12.31,113.629,109.705,113.819,109.657,-3.924,-3.45,4.162,8.761,0.4479,0.771
2019-01,22,2019.01.02,2019.01.31,109.274,108.839,109.996,106.496,-0.435,-0.40,3.500,6.865,0.0634,0.737
2019-02,20,2019.02.01,2019.02.28,108.838,111.370,111.489,108.722,2.532,2.33,2.767,4.744,0.5337,0.518
2019-03,24,2019.03.01,2019.03.29,111.372,110.808,112.134,109.706,-0.564,-0.51,2.428,5.260,0.1072,0.521
2019-04,22,2019.04.01,2019.04.30,111.001,111.409,112.397,110.805,0.408,0.37,1.592,3.832,0.1065,0.419
2019-05,23,2019.05.01,2019.05.31,111.409,108.278,111.683,108.275,-3.131,-2.81,3.408,7.054,0.4439,0.600
2019-06,20,2019.06.03,2019.06.28,108.276,107.910,108.797,106.777,-0.366,-0.34,2.020,3.533,0.1036,0.539
2019-07,23,2019.07.01,2019.07.31,108.153,108.743,108.998,107.207,0.590,0.55,1.791,5.889,0.1002,0.517
2019-08,22,2019.08.01,2019.08.30,108.744,106.258,109.312,104.450,-2.486,-2.29,4.862,10.179,0.2442,0.938
2019-09,21,2019.09.02,2019.09.30,106.046,108.068,108.473,105.734,2.022,1.91,2.739,5.303,0.3813,0.563
2019-10,24,2019.10.01,2019.10.31,108.071,108.017,109.283,106.478,-0.054,-0.05,2.805,5.659,0.0095,0.550
2019-11,21,2019.11.01,2019.11.29,108.015,109.483,109.665,107.884,1.468,1.36,1.781,3.949,0.3717,0.444
2019-12,21,2019.12.02,2019.12.31,109.512,108.658,109.724,108.427,-0.854,-0.78,1.297,3.861,0.2212,0.423
2020-01,22,2020.01.02,2020.01.31,108.719,108.354,110.286,107.648,-0.365,-0.34,2.638,5.035,0.0725,0.498
2020-02,20,2020.02.03,2020.02.28,108.371,108.040,112.220,107.506,-0.331,-0.31,4.714,8.948,0.0370,0.731
2020-03,25,2020.03.02,2020.03.31,107.382,107.477,111.710,101.175,0.095,0.09,10.535,25.608,0.0037,1.827
2020-04,22,2020.04.01,2020.04.30,107.494,107.117,109.376,106.355,-0.377,-0.35,3.021,7.153,0.0527,0.748
2020-05,21,2020.05.01,2020.05.29,107.117,107.767,108.083,105.982,0.650,0.61,2.101,4.961,0.1310,0.595
2020-06,22,2020.06.01,2020.06.30,107.638,107.912,109.847,106.068,0.274,0.25,3.779,7.500,0.0365,0.693
2020-07,23,2020.07.01,2020.07.31,107.849,105.851,108.158,104.184,-1.998,-1.85,3.974,6.981,0.2862,0.632
2020-08,21,2020.08.03,2020.08.31,105.768,105.897,107.045,105.098,0.129,0.12,1.947,7.629,0.0169,0.705
2020-09,22,2020.09.01,2020.09.30,105.880,105.420,106.547,103.998,-0.460,-0.43,2.549,3.782,0.1216,0.500
2020-10,23,2020.10.01,2020.10.30,105.485,104.666,106.105,104.022,-0.819,-0.78,2.083,5.020,0.1631,0.462
2020-11,21,2020.11.02,2020.11.30,104.496,104.270,105.673,103.173,-0.226,-0.22,2.500,6.622,0.0341,0.676
2020-12,22,2020.12.01,2020.12.31,104.253,103.222,104.749,102.870,-1.031,-0.99,1.879,4.119,0.2503,0.485
2021-01,20,2021.01.04,2021.01.29,103.073,104.709,104.937,102.590,1.636,1.59,2.347,5.138,0.3184,0.522
2021-02,20,2021.02.01,2021.02.26,104.742,106.504,106.687,104.407,1.762,1.68,2.280,5.518,0.3193,0.549
2021-03,25,2021.03.01,2021.03.31,106.509,110.685,110.963,106.363,4.176,3.92,4.600,6.789,0.6151,0.556
2021-04,22,2021.04.01,2021.04.30,110.673,109.340,110.844,107.474,-1.333,-1.20,3.370,5.790,0.2302,0.583
2021-05,21,2021.05.03,2021.05.31,109.245,109.532,110.197,108.335,0.287,0.26,1.862,5.732,0.0501,0.575
2021-06,22,2021.06.01,2021.06.30,109.532,111.060,111.117,109.161,1.528,1.40,1.956,6.220,0.2457,0.551
2021-07,22,2021.07.01,2021.07.30,111.060,109.671,111.655,109.062,-1.389,-1.25,2.593,7.424,0.1871,0.593
2021-08,22,2021.08.02,2021.08.31,109.648,109.982,110.798,108.719,0.334,0.30,2.079,4.921,0.0679,0.514
2021-09,22,2021.09.01,2021.09.30,109.989,111.261,112.076,109.111,1.272,1.16,2.965,6.952,0.1830,0.561
2021-10,22,2021.10.01,2021.10.31,111.244,114.104,114.696,110.818,2.860,2.57,3.878,7.130,0.4011,0.641
2021-11,22,2021.11.01,2021.11.30,114.097,113.131,115.517,112.529,-0.966,-0.85,2.988,8.371,0.1154,0.801
2021-12,23,2021.12.01,2021.12.31,113.116,115.125,115.204,112.554,2.009,1.78,2.650,4.711,0.4264,0.536
2022-01,21,2022.01.03,2022.01.31,115.033,115.050,116.343,113.468,0.017,0.01,2.875,6.542,0.0026,0.675
2022-02,20,2022.02.01,2022.02.28,115.032,114.976,116.336,114.150,-0.056,-0.05,2.186,5.470,0.0102,0.667
2022-03,25,2022.03.01,2022.03.31,114.977,121.669,125.097,114.647,6.692,5.82,10.450,13.418,0.4987,0.979
2022-04,21,2022.04.01,2022.04.29,121.639,129.751,131.249,121.603,8.112,6.67,9.646,13.957,0.5812,1.277
2022-05,22,2022.05.02,2022.05.31,129.724,128.605,131.345,126.358,-1.119,-0.86,4.987,11.531,0.0970,1.200
2022-06,22,2022.06.01,2022.06.30,128.578,135.710,137.001,128.572,7.132,5.55,8.429,17.867,0.3992,1.550
2022-07,21,2022.07.01,2022.07.29,135.710,133.213,139.383,132.500,-2.497,-1.84,6.883,12.045,0.2073,1.258
2022-08,23,2022.08.01,2022.08.31,133.246,138.947,139.076,130.385,5.701,4.28,8.691,16.754,0.3403,1.557
2022-09,22,2022.09.01,2022.09.30,138.930,144.743,145.900,138.774,5.813,4.18,7.126,16.300,0.3566,1.645
2022-10,22,2022.10.03,2022.10.31,144.667,148.755,151.941,143.520,4.088,2.83,8.421,15.496,0.2638,1.517
2022-11,22,2022.11.01,2022.11.30,148.755,138.001,148.822,137.495,-10.754,-7.23,11.327,21.646,0.4968,2.101
2022-12,21,2022.12.01,2022.12.30,138.008,131.092,138.170,130.562,-6.916,-5.01,7.608,22.444,0.3081,1.974
2023-01,22,2023.01.02,2023.01.31,130.906,130.054,134.771,127.218,-0.852,-0.65,7.553,17.190,0.0496,1.740
2023-02,20,2023.02.01,2023.02.28,130.034,136.176,136.916,128.080,6.142,4.72,8.836,12.973,0.4734,1.444
2023-03,25,2023.03.01,2023.03.31,136.101,132.809,137.908,129.638,-3.292,-2.42,8.270,18.276,0.1801,1.554
2023-04,20,2023.04.03,2023.04.28,133.370,136.300,136.560,130.625,2.930,2.20,5.935,11.569,0.2533,1.277
2023-05,23,2023.05.01,2023.05.31,136.105,139.322,140.929,133.498,3.217,2.36,7.431,14.093,0.2283,1.195
2023-06,22,2023.06.01,2023.06.30,139.320,144.255,145.066,138.429,4.935,3.54,6.637,11.406,0.4327,1.136
2023-07,21,2023.07.03,2023.07.31,144.344,142.265,144.911,137.237,-2.079,-1.44,7.674,16.345,0.1272,1.527
2023-08,23,2023.08.01,2023.08.31,142.264,145.524,147.371,141.509,3.260,2.29,5.862,12.770,0.2553,1.104
2023-09,21,2023.09.01,2023.09.29,145.519,149.317,149.703,144.440,3.798,2.61,5.263,8.952,0.4243,0.856
2023-10,23,2023.10.02,2023.10.31,149.598,151.616,151.706,147.282,2.018,1.35,4.424,9.968,0.2024,0.861
2023-11,22,2023.11.01,2023.11.30,151.617,148.169,151.903,146.664,-3.448,-2.27,5.239,13.570,0.2541,1.141
2023-12,20,2023.12.01,2023.12.29,148.155,140.998,148.341,140.246,-7.157,-4.83,8.095,15.488,0.4621,1.694
2024-01,22,2024.01.02,2024.01.31,140.831,146.857,148.798,140.804,6.026,4.28,7.994,11.840,0.5090,1.352
2024-02,21,2024.02.01,2024.02.29,146.859,149.968,150.879,145.891,3.109,2.12,4.988,9.065,0.3430,0.873
2024-03,24,2024.03.01,2024.03.29,149.966,151.301,151.967,146.476,1.335,0.89,5.491,9.424,0.1417,0.864
2024-04,22,2024.04.01,2024.04.30,151.251,157.786,160.210,150.806,6.535,4.32,9.404,11.911,0.5487,1.110
2024-05,23,2024.05.01,2024.05.31,157.784,157.247,157.980,151.855,-0.537,-0.34,6.125,11.265,0.0477,1.216
2024-06,20,2024.06.03,2024.06.28,157.106,160.833,161.277,154.532,3.727,2.37,6.745,9.501,0.3923,1.114
2024-07,23,2024.07.01,2024.07.31,160.723,149.954,161.945,149.603,-10.769,-6.70,12.342,17.794,0.6052,1.685
2024-08,22,2024.08.01,2024.08.30,149.944,146.125,150.885,141.684,-3.819,-2.55,9.201,22.366,0.1708,2.171
2024-09,21,2024.09.02,2024.09.30,145.978,143.621,147.205,139.574,-2.357,-1.61,7.631,17.922,0.1315,1.920
2024-10,24,2024.10.01,2024.10.31,143.620,152.029,153.878,142.966,8.409,5.86,10.912,17.965,0.4681,1.336
2024-11,21,2024.11.01,2024.11.29,152.029,149.611,156.744,149.459,-2.418,-1.59,7.285,19.952,0.1212,1.614
2024-12,21,2024.12.02,2024.12.31,149.554,157.363,158.079,148.639,7.809,5.22,9.440,14.412,0.5418,1.409
2025-01,22,2025.01.02,2025.01.31,157.202,155.182,158.873,153.707,-2.020,-1.28,5.166,13.614,0.1484,1.345
2025-02,20,2025.02.03,2025.02.28,154.725,150.584,155.883,148.555,-4.141,-2.68,7.328,15.362,0.2696,1.546
2025-03,24,2025.03.03,2025.03.31,150.636,149.954,151.300,146.536,-0.682,-0.45,4.764,11.868,0.0575,1.227
2025-04,22,2025.04.01,2025.04.30,149.943,142.975,150.482,139.880,-6.968,-4.65,10.602,24.003,0.2903,1.996
2025-05,22,2025.05.01,2025.05.30,142.956,143.973,148.645,142.109,1.017,0.71,6.536,19.791,0.0514,1.696
2025-06,21,2025.06.02,2025.06.30,143.754,143.970,148.026,142.373,0.216,0.15,5.653,12.506,0.0173,1.331
2025-07,23,2025.07.01,2025.07.31,143.977,150.752,150.838,142.678,6.775,4.71,8.160,15.984,0.4239,1.325
2025-08,21,2025.08.01,2025.08.29,150.684,147.037,150.913,146.210,-3.647,-2.42,4.703,9.593,0.3802,1.209
2025-09,22,2025.09.01,2025.09.30,147.035,147.914,149.954,145.476,0.879,0.60,4.478,11.077,0.0794,1.106
2025-10,24,2025.10.01,2025.10.31,147.752,153.996,154.439,146.584,6.244,4.23,7.855,16.586,0.3765,1.161
2025-11,20,2025.11.03,2025.11.28,153.954,156.164,157.888,152.815,2.210,1.44,5.073,9.997,0.2211,1.020
2025-12,22,2025.12.01,2025.12.31,156.049,156.820,157.773,154.338,0.771,0.49,3.435,12.468,0.0618,1.043
2026-01,21,2026.01.02,2026.01.30,156.907,154.761,159.448,152.086,-2.146,-1.37,7.362,14.535,0.1476,1.255
2026-02,20,2026.02.02,2026.02.27,154.793,156.071,157.653,152.263,1.278,0.83,5.390,11.201,0.1141,1.275
2026-03,25,2026.03.02,2026.03.31,155.910,158.705,160.456,155.910,2.795,1.79,4.546,13.758,0.2032,1.025
2026-04,22,2026.04.01,2026.04.30,158.706,156.560,160.719,155.550,-2.146,-1.35,5.169,10.709,0.2004,1.007
2026-05,21,2026.05.01,2026.05.29,156.561,159.251,159.647,155.022,2.690,1.72,4.625,7.104,0.3787,0.832
2026-06,22,2026.06.01,2026.06.30,159.341,162.500,162.664,159.295,3.159,1.98,3.369,4.896,0.6452,0.582
2026-07,23,2026.07.01,2026.07.31,162.500,157.535,163.982,157.458,-4.965,-3.06,6.524,12.913,0.3845,1.064
2026-08,11,2026.08.03,2026.08.17,157.118,159.417,159.592,155.220,2.299,1.46,4.372,3.830,0.6003,1.132
